Datetime,Water Level (m)
2026-04-25 06:00:00,-0.8482182
2026-04-25 07:00:00,-0.88708454
2026-04-25 08:00:00,-0.6748119
2026-04-25 09:00:00,-0.23510459
2026-04-25 10:00:00,0.23813853
2026-04-25 11:00:00,0.6519487
2026-04-25 12:00:00,0.9538507
2026-04-25 13:00:00,1.0598
2026-04-25 14:00:00,0.9481065
2026-04-25 15:00:00,0.5705932
2026-04-25 16:00:00,0.07689848
2026-04-25 17:00:00,-0.35855788
2026-04-25 18:00:00,-0.69762236
2026-04-25 19:00:00,-0.9366454
2026-04-25 20:00:00,-1.0239065
2026-04-25 21:00:00,-0.89982307
2026-04-25 22:00:00,-0.49622154
2026-04-25 23:00:00,0.011046994
2026-04-26 00:00:00,0.44495767
2026-04-26 01:00:00,0.747786
2026-04-26 02:00:00,0.8641503
2026-04-26 03:00:00,0.7533844
2026-04-26 04:00:00,0.40317157
2026-04-26 05:00:00,-0.042794377
2026-04-26 06:00:00,-0.43474168
2026-04-26 07:00:00,-0.7137905
2026-04-26 08:00:00,-0.8658363
2026-04-26 09:00:00,-0.8156554
2026-04-26 10:00:00,-0.4543495
2026-04-26 11:00:00,0.078018904
2026-04-26 12:00:00,0.5812235
2026-04-26 13:00:00,0.96441996
2026-04-26 14:00:00,1.169433
2026-04-26 15:00:00,1.119937
2026-04-26 16:00:00,0.7997006
2026-04-26 17:00:00,0.3153403
2026-04-26 18:00:00,-0.1626257
2026-04-26 19:00:00,-0.5477142
2026-04-26 20:00:00,-0.8401308
2026-04-26 21:00:00,-1.016578
2026-04-26 22:00:00,-1.0035559
2026-04-26 23:00:00,-0.61485296
2026-04-27 00:00:00,0.010437127
2026-04-27 01:00:00,0.58635503
2026-04-27 02:00:00,1.015347
2026-04-27 03:00:00,1.2548784
2026-04-27 04:00:00,1.151378
2026-04-27 05:00:00,0.7726303
2026-04-27 06:00:00,0.25843477
2026-04-27 07:00:00,-0.21092232
2026-04-27 08:00:00,-0.5518116
2026-04-27 09:00:00,-0.77210665
2026-04-27 10:00:00,-0.779025
2026-04-27 11:00:00,-0.42107728
2026-04-27 12:00:00,0.17099562
2026-04-27 13:00:00,0.74226606
2026-04-27 14:00:00,1.1433647
2026-04-27 15:00:00,1.3503975
2026-04-27 16:00:00,1.2231785
2026-04-27 17:00:00,0.91110486
2026-04-27 18:00:00,0.4512398
2026-04-27 19:00:00,-0.07054572
2026-04-27 20:00:00,-0.4981391
2026-04-27 21:00:00,-0.8368272
2026-04-27 22:00:00,-1.0393366
2026-04-27 23:00:00,-0.9910893
2026-04-28 00:00:00,-0.4980992
2026-04-28 01:00:00,0.23031363
2026-04-28 02:00:00,0.8824323
2026-04-28 03:00:00,1.2999008
2026-04-28 04:00:00,1.4136322
2026-04-28 05:00:00,1.2224394
2026-04-28 06:00:00,0.8023601
2026-04-28 07:00:00,0.2829669
2026-04-28 08:00:00,-0.20815305
2026-04-28 09:00:00,-0.5721065
2026-04-28 10:00:00,-0.8391008
2026-04-28 11:00:00,-0.913178
2026-04-28 12:00:00,-0.58141017
2026-04-28 13:00:00,0.097513065
2026-04-28 14:00:00,0.7823619
2026-04-28 15:00:00,1.2525964
2026-04-28 16:00:00,1.4365902
2026-04-28 17:00:00,1.2506346
2026-04-28 18:00:00,0.7511331
2026-04-28 19:00:00,0.1179986
2026-04-28 20:00:00,-0.4507459
2026-04-28 21:00:00,-0.86506295
2026-04-28 22:00:00,-1.1497445
2026-04-28 23:00:00,-1.2223614
2026-04-29 00:00:00,-0.88018876
2026-04-29 01:00:00,-0.20397756
2026-04-29 02:00:00,0.49273524
2026-04-29 03:00:00,1.059589
2026-04-29 04:00:00,1.399558
2026-04-29 05:00:00,1.3510823
2026-04-29 06:00:00,1.0423079
2026-04-29 07:00:00,0.53312904
2026-04-29 08:00:00,-0.022629604
2026-04-29 09:00:00,-0.46471652
2026-04-29 10:00:00,-0.79625815
2026-04-29 11:00:00,-1.0127488
2026-04-29 12:00:00,-0.9721759
2026-04-29 13:00:00,-0.44922692
2026-04-29 14:00:00,0.30032632
2026-04-29 15:00:00,0.93872726
2026-04-29 16:00:00,1.3453665
2026-04-29 17:00:00,1.368263
2026-04-29 18:00:00,1.064041
2026-04-29 19:00:00,0.48963642
2026-04-29 20:00:00,-0.12891904
2026-04-29 21:00:00,-0.6245717
2026-04-29 22:00:00,-1.0266092
2026-04-29 23:00:00,-1.3097098
2026-04-30 00:00:00,-1.3333343
2026-04-30 01:00:00,-0.80110013
2026-04-30 02:00:00,0.010500648
2026-04-30 03:00:00,0.75063294
2026-04-30 04:00:00,1.3040993
2026-04-30 05:00:00,1.5041257
2026-04-30 06:00:00,1.4114125
2026-04-30 07:00:00,0.9855702
2026-04-30 08:00:00,0.4075876
2026-04-30 09:00:00,-0.17142427
2026-04-30 10:00:00,-0.61331874
2026-04-30 11:00:00,-0.95477927
2026-04-30 12:00:00,-1.1228279
2026-04-30 13:00:00,-0.8950999
2026-04-30 14:00:00,-0.21100903
2026-04-30 15:00:00,0.531289
2026-04-30 16:00:00,1.1024542
2026-04-30 17:00:00,1.3889056
2026-04-30 18:00:00,1.2603637
2026-04-30 19:00:00,0.7885778
2026-04-30 20:00:00,0.17753324
2026-04-30 21:00:00,-0.3989312
2026-04-30 22:00:00,-0.85155267
2026-04-30 23:00:00,-1.2126703
2026-05-01 00:00:00,-1.4170283
2026-05-01 01:00:00,-1.2569842
2026-05-01 02:00:00,-0.52458495
2026-05-01 03:00:00,0.32926938
2026-05-01 04:00:00,1.0279373
2026-05-01 05:00:00,1.4881549
2026-05-01 06:00:00,1.5407909
